{
  "templates": {
    "applicationName": "Microsoft Cognitive Services Speech SDK",
    "disqus": "",
    "googleAnalytics": "",
    "openGraph": {
      "title": "",
      "type": "website",
      "image": "",
      "site_name": "",
      "url": ""
    }
  },
  "meta": {
    "title": "Microsoft Cognitive Services Speech SDK",
    "description": "Microsoft Cognitive Services Speech SDK",
    "keyword": ""
  },
  "linenums": true,
  "source": {
    "include": [
      "./distrib/lib/src/sdk"
    ],
    "includePattern": ".+\\.js(doc)?$",
    "excludePattern": "(^|\\/|\\\\)_"
  },
  "opts": {
    "encoding": "utf8",
    "recurse": true,
    "private": false,
    "lenient": true,
    "destination": "./outjs",
    "template": "templates/default"
  }
}